id,keyword,title,price,monthly_sales,review_count,shop_name,url,crawled_at,shipping_time,has_video
1,3d打印摆件,创意3D打印月球灯摆件氛围灯卧室装饰,29.24,550,153.0,创意家居坊,https://item.taobao.com/item.htm?id=407365174,2026-04-01T14:51:06.835078,,0
2,3d打印摆件,3D打印龙年生肖摆件树脂模型桌面装饰品,39.93,352,92.0,模型天地,https://item.taobao.com/item.htm?id=680806741,2026-04-01T14:51:06.835700,,0
3,3d打印摆件,宇航员3D打印摆件太空人桌面办公室装饰,23.77,1090,403.0,星际创意馆,https://item.taobao.com/item.htm?id=766939692,2026-04-01T14:51:06.835971,,0
4,3d打印摆件,3D打印猫咪摆件可爱卡通桌面摆设,17.23,1064,239.0,萌趣手作,https://item.taobao.com/item.htm?id=425081017,2026-04-01T14:51:06.836232,,0
5,3d打印摆件,3D打印城市建筑模型摆件微缩景观,44.05,312,117.0,建筑模型店,https://item.taobao.com/item.htm?id=344137952,2026-04-01T14:51:06.836535,,0
6,3d打印摆件,3D打印浮雕画摆件立体山水画装饰,61.98,173,22.0,艺术打印坊,https://item.taobao.com/item.htm?id=996171307,2026-04-01T14:51:06.836864,,0
7,3d打印摆件,3D打印多肉花盆摆件创意礼物,16.72,795,157.0,绿植好物,https://item.taobao.com/item.htm?id=229356974,2026-04-01T14:51:06.837137,,0
8,3d打印摆件,3D打印镂空灯笼摆件中式装饰,29.9,527,184.0,中式家居,https://item.taobao.com/item.htm?id=648978112,2026-04-01T14:51:06.837387,,0
9,3d打印摆件,3D打印动漫手办摆件海贼王路飞,21.88,860,291.0,动漫世界,https://item.taobao.com/item.htm?id=889696448,2026-04-01T14:51:06.837631,,0
10,3d打印摆件,3D打印水晶球摆件发光底座装饰,40.29,431,170.0,光影工坊,https://item.taobao.com/item.htm?id=819742900,2026-04-01T14:51:06.837940,,0
11,3d打印摆件,3D打印ins风摆件北欧简约桌面装饰,21.31,798,121.0,北欧生活馆,https://item.taobao.com/item.htm?id=923285386,2026-04-01T14:51:06.838181,,0
12,3d打印摆件,3D打印中国风屏风摆件小型桌面,37.71,261,81.0,国风雅居,https://item.taobao.com/item.htm?id=548463619,2026-04-01T14:51:06.838426,,0
13,3d打印手办,3D打印原神角色手办可莉模型,72.41,528,201.0,二次元工坊,https://item.taobao.com/item.htm?id=118717008,2026-04-01T14:51:06.838673,,0
14,3d打印手办,3D打印漫威钢铁侠手办全身像,83.35,501,125.0,英雄手办馆,https://item.taobao.com/item.htm?id=155529769,2026-04-01T14:51:06.839019,,0
15,3d打印手办,3D打印定制人物手办照片建模,140.63,336,121.0,定制手办店,https://item.taobao.com/item.htm?id=820855645,2026-04-01T14:51:06.839330,,0
16,3d打印手办,3D打印高达模型手办RX-78,54.02,381,111.0,高达基地,https://item.taobao.com/item.htm?id=701590049,2026-04-01T14:51:06.839621,,0
17,3d打印手办,3D打印宝可梦皮卡丘手办模型,34.83,1103,192.0,精灵手办屋,https://item.taobao.com/item.htm?id=572227703,2026-04-01T14:51:06.839926,,0
18,3d打印手办,3D打印鬼灭之刃手办炭治郎,42.26,779,294.0,鬼灭手办,https://item.taobao.com/item.htm?id=642476371,2026-04-01T14:51:06.840166,,0
19,3d打印手办,3D打印王者荣耀手办妲己,46.81,606,241.0,游戏手办馆,https://item.taobao.com/item.htm?id=525217041,2026-04-01T14:51:06.840421,,0
20,3d打印手办,3D打印初音未来手办桌面摆件,62.59,481,141.0,V家手办,https://item.taobao.com/item.htm?id=886066978,2026-04-01T14:51:06.840679,,0
21,3d打印手办,3D打印海贼王白胡子手办大型,95.8,171,34.0,海贼手办屋,https://item.taobao.com/item.htm?id=704433875,2026-04-01T14:51:06.840971,,0
22,3d打印手办,3D打印数码宝贝暴龙兽手办,43.3,487,135.0,数码世界,https://item.taobao.com/item.htm?id=930456956,2026-04-01T14:51:06.841221,,0
23,3d打印定制,3D打印定制照片浮雕灯文字DIY,33.49,1521,591.0,定制光影,https://item.taobao.com/item.htm?id=932662146,2026-04-01T14:51:06.841465,,0
24,3d打印定制,3D打印定制钥匙扣个性化礼物,10.81,2441,877.0,钥匙扣工坊,https://item.taobao.com/item.htm?id=177136824,2026-04-01T14:51:06.841713,,0
25,3d打印定制,3D打印定制手机壳个性浮雕,26.32,1420,433.0,壳壳定制,https://item.taobao.com/item.htm?id=734206699,2026-04-01T14:51:06.841995,,0
26,3d打印定制,3D打印定制名字项链吊坠,19.56,1494,463.0,饰品定制店,https://item.taobao.com/item.htm?id=910554117,2026-04-01T14:51:06.842560,,0
27,3d打印定制,3D打印定制宠物模型纪念品,96.22,332,119.0,宠物纪念馆,https://item.taobao.com/item.htm?id=617281348,2026-04-01T14:51:06.842802,,0
28,3d打印定制,3D打印定制建筑模型沙盘,143.7,95,9.0,建筑沙盘店,https://item.taobao.com/item.htm?id=864934758,2026-04-01T14:51:06.843084,,0
29,3d打印定制,3D打印定制人像全身扫描,185.84,99,14.0,人像打印馆,https://item.taobao.com/item.htm?id=889711652,2026-04-01T14:51:06.843337,,0
30,3d打印定制,3D打印定制LOGO企业礼品,15.48,3034,502.0,企业礼品站,https://item.taobao.com/item.htm?id=241305273,2026-04-01T14:51:06.843581,,0
31,3d打印定制,3D打印定制饼干模具DIY烘焙,8.41,4430,508.0,烘焙模具店,https://item.taobao.com/item.htm?id=833110483,2026-04-01T14:51:06.843828,,0
32,3d打印定制,3D打印定制地形图浮雕模型,70.44,246,42.0,地图打印馆,https://item.taobao.com/item.htm?id=764800156,2026-04-01T14:51:06.844115,,0
33,3d打印礼物,3D打印创意生日礼物月球灯,32.87,1278,412.0,礼物星球,https://item.taobao.com/item.htm?id=509284358,2026-04-01T14:51:06.844369,,0
34,3d打印礼物,3D打印情侣对戒礼物纪念品,30.32,1163,134.0,情侣礼物店,https://item.taobao.com/item.htm?id=395787984,2026-04-01T14:51:06.844733,,0
35,3d打印礼物,3D打印毕业纪念品校园模型,49.69,541,207.0,毕业礼物馆,https://item.taobao.com/item.htm?id=707102996,2026-04-01T14:51:06.845326,,0
36,3d打印礼物,3D打印母亲节礼物定制相框,38.77,1308,234.0,母亲节礼物,https://item.taobao.com/item.htm?id=320397849,2026-04-01T14:51:06.845850,,0
37,3d打印礼物,3D打印父亲节礼物创意摆件,41.91,1005,350.0,父亲节礼品,https://item.taobao.com/item.htm?id=887616654,2026-04-01T14:51:06.846210,,0
38,3d打印礼物,3D打印圣诞礼物圣诞树摆件,24.02,1785,418.0,节日礼物店,https://item.taobao.com/item.htm?id=103233141,2026-04-01T14:51:06.846697,,0
39,3d打印礼物,3D打印520礼物心形灯告白,27.4,1681,352.0,告白礼物馆,https://item.taobao.com/item.htm?id=351461300,2026-04-01T14:51:06.847080,,0
40,3d打印礼物,3D打印新年礼物红包创意摆件,20.47,2533,352.0,新年好物,https://item.taobao.com/item.htm?id=198585722,2026-04-01T14:51:06.847571,,0
41,3d打印挂件,3D打印钥匙扣挂件创意卡通,8.05,5084,923.0,挂件工坊,https://item.taobao.com/item.htm?id=359531830,2026-04-01T14:51:06.848014,,0
42,3d打印挂件,3D打印汽车后视镜挂件装饰,12.91,2516,349.0,车饰小铺,https://item.taobao.com/item.htm?id=335310220,2026-04-01T14:51:06.848261,,0
43,3d打印挂件,3D打印书包挂件可爱动漫,6.04,8477,3108.0,学生饰品店,https://item.taobao.com/item.htm?id=619468935,2026-04-01T14:51:06.848508,,0
44,3d打印挂件,3D打印手机链挂件个性定制,10.82,3511,1378.0,手机饰品,https://item.taobao.com/item.htm?id=294785787,2026-04-01T14:51:06.848774,,0
45,3d打印挂件,3D打印耳环耳饰3D打印轻量,12.18,3864,1241.0,饰品打印,https://item.taobao.com/item.htm?id=377707241,2026-04-01T14:51:06.849064,,0
46,3d打印挂件,3D打印圣诞挂件装饰圣诞树,4.48,8891,1801.0,节日挂件店,https://item.taobao.com/item.htm?id=855846029,2026-04-01T14:51:06.849313,,0
47,3d打印挂件,3D打印宠物挂件猫猫狗狗,8.63,3884,917.0,萌宠挂件,https://item.taobao.com/item.htm?id=232628731,2026-04-01T14:51:06.849563,,0
48,树脂打印摆件,树脂3D打印透明龙摆件高精度,80.24,356,126.0,高精度打印,https://item.taobao.com/item.htm?id=339002118,2026-04-01T14:51:06.849843,,0
49,树脂打印摆件,树脂打印微缩城堡模型摆件,106.94,194,40.0,微缩世界,https://item.taobao.com/item.htm?id=896877061,2026-04-01T14:51:06.850133,,0
50,树脂打印摆件,树脂3D打印首饰戒指原型,106.4,183,31.0,珠宝原型店,https://item.taobao.com/item.htm?id=897660604,2026-04-01T14:51:06.850378,,0
51,树脂打印摆件,树脂打印棋子国际象棋套装,180.4,85,21.0,棋具工坊,https://item.taobao.com/item.htm?id=267163046,2026-04-01T14:51:06.850659,,0
52,树脂打印摆件,树脂3D打印牙科模型教学用,84.42,243,82.0,医疗模型店,https://item.taobao.com/item.htm?id=966797967,2026-04-01T14:51:06.850963,,0
53,树脂打印摆件,树脂打印动漫GK手办未上色,48.79,393,52.0,GK手办原型,https://item.taobao.com/item.htm?id=539411367,2026-04-01T14:51:06.851547,,0
54,树脂打印摆件,树脂3D打印婚礼蛋糕装饰,37.08,501,149.0,婚礼装饰店,https://item.taobao.com/item.htm?id=536315809,2026-04-01T14:51:06.851830,,0
55,树脂打印摆件,树脂打印精细机械零件模型,47.03,311,64.0,精密打印,https://item.taobao.com/item.htm?id=321014800,2026-04-01T14:51:06.852151,,0
56,3d打印摆件,3D打印学生毕业设计作业上色修图高精度光敏树脂金属打印模型定制,10.0,33,,"9年老店
云洞三维打印",https://item.taobao.com/item.htm?id=1,2026-04-01T15:07:15.365712,,0
57,3d打印摆件,忍者打印摆件3d打印手办笔架文具收纳笔筒个性创意桌搭装饰,6.21,1000,,"回头客6万
Dav杂货铺",https://item.taobao.com/item.htm?id=1027484639998,2026-04-01T15:07:15.378773,,0
58,3d打印摆件,3d打印爆款玩具忍者笔架桌面装饰摆件文具收纳个性创意支架摆件,7.79,1000,,"回头客300万
国货严选旗舰",https://item.taobao.com/item.htm?id=1029862555085,2026-04-01T15:07:15.391431,,0
59,3d打印摆件,绸缎花瓶原创3D打印花瓶创意高级感插花摆件礼品伴手礼羽毛·札记,19.66,2000,,羽毛札记Yommo,https://item.taobao.com/item.htm?id=893573004151,2026-04-01T15:07:15.402623,,0
60,3d打印摆件,牛马桌当代打工人精神迷你办公工作台桌椅ins简约潮玩摆件3D打印,8.9,200,,迷妮世界,https://item.taobao.com/item.htm?id=955931560211,2026-04-01T15:07:15.415126,,0
61,3d打印摆件,3D打印龙骨架骷髅龙关节可动六一儿童玩具生日礼物鱼缸爬缸造景摆,18.8,1000,,趣玩研究所小店,https://item.taobao.com/item.htm?id=761452914135,2026-04-01T15:07:15.426607,,0
62,3d打印摆件,宝可梦3d打印图纸神奇宝贝皮卡丘宠物小精灵模型可爱stl文件合集,0.48,500,,"7年老店
白鲨模型[3D打印]",https://item.taobao.com/item.htm?id=630848385006,2026-04-01T15:07:15.442504,,0
63,3d打印摆件,40套机械结构运动齿轮教具3d打印模型stl图纸文件素材,0.97,300,,"7年老店
白鲨模型[3D打印]",https://item.taobao.com/item.htm?id=942156816899,2026-04-01T15:07:15.452222,,0
64,3d打印摆件,3d打印定制模型建模打样手办塑料工业零件树脂金属制作上色代加工,4.99,2000,,"5年老店
派路宝旗舰店",https://item.taobao.com/item.htm?id=959239534873,2026-04-01T15:07:15.463811,,0
65,3d打印摆件,4160款 3d打印模型 3d打印图纸大合集stl格式数据文件漫威dc三维,0.97,300,,"7年老店
白鲨模型[3D打印]",https://item.taobao.com/item.htm?id=666096562382,2026-04-01T15:07:15.474782,,0
66,3d打印摆件,3d打印服务模型定制打样人偶建模手办代打sla高精度尼龙树脂金属,10.0,5000,,"5年老店
wenext服务旗舰店",https://item.taobao.com/item.htm?id=640086302281,2026-04-01T15:07:15.485114,,0
67,3d打印摆件,拓竹 CyberBrick遥控硬件套装 赛车机器人DIY拼装玩具 创客宝库3D打印模型组件,36.8,7000,,"回头客2万
拓竹官方旗舰店",https://item.taobao.com/item.htm?id=939729076103,2026-04-01T15:07:15.496718,,0
68,3d打印摆件,光固化红蜡3d代打印服务LCD高精度头雕手办定制人像GK模型BJD战旗,10.0,400,,"11年老店
骑士喵3D打印工坊",https://item.taobao.com/item.htm?id=709712329261,2026-04-01T15:07:15.510068,,0
69,3d打印摆件,3万款3D打印模型图纸stl源文件素材手办动漫三维建模高精度卡通,4.8,2000,,"7年老店
橙子CG素材",https://item.taobao.com/item.htm?id=785177569279,2026-04-01T15:07:15.520190,,0
71,3d打印摆件,3D打印模型定制光固化树脂尼龙PLA金属CNC覆膜手办打样批量打印,9.9,100,,创意三维打印工厂,https://item.taobao.com/item.htm?id=0,2026-04-01T15:07:15.543215,,0
72,3d打印摆件,3d打印服务光固化模型模具定制代加工ABS金属PLA树脂上色尼龙代打,240.0,2000,,"回头客20万
歌予旗舰店",https://item.taobao.com/item.htm?id=1006835693589,2026-04-01T15:07:15.553692,,0
73,3d打印摆件,3d打印服务模型定制打样人偶建模手办代打sla高精度尼龙树脂金属,5.0,10000,,"6年老店
小林3D打印服务",https://item.taobao.com/item.htm?id=748198489165,2026-04-01T15:07:15.565409,,0
74,3d打印摆件,笔筒102款合集STL文件图纸3D打印模型素材非实物手办GK,0.5,16,,jfiajfiefsinbno,https://item.taobao.com/item.htm?id=821710717816,2026-04-01T15:07:15.576693,,0
75,3d打印摆件,BJD 娃娃的手和脚3D打印图纸STL模型文件素材,3.96,100,,霁天3D模型,https://item.taobao.com/item.htm?id=899569723127,2026-04-01T15:07:15.587022,,0
76,3d打印摆件,3d打印服务建筑模型加工定制上色设计abs光固化树脂尼龙红蜡,10.0,1000,,"7年老店
FM设计院",https://item.taobao.com/item.htm?id=585395872936,2026-04-01T15:07:15.601045,,0
77,3d打印摆件,玻璃钢雕塑商场IP形象美陈玄关装饰3D打印园林景观软装工艺品定制,381.15,2,,靓晶艺术空间,https://item.taobao.com/item.htm?id=6,2026-04-01T15:07:15.613320,,0
79,3d打印摆件,3d打印服务模型定制工业级高精度手板制作建模加工树脂金属尼龙,10.0,20000,,捷卡3d打印,https://item.taobao.com/item.htm?id=810906034023,2026-04-01T15:07:15.634567,,0
83,3d打印摆件,FDM3d打印服务代打模型定制手办模型工业级工程材料PA/PC/ABS/PP,10.0,67,,广州东米3D打印,https://item.taobao.com/item.htm?id=1002362104608,2026-04-01T15:07:15.691749,,0
84,3d打印摆件,3d打印服务工业级光固化手办人偶复模cnc定制金属尼龙树脂打样sla,3.0,8000,,朵拿旗舰店,https://item.taobao.com/item.htm?id=905502736749,2026-04-01T15:07:15.702325,,0
85,3d打印摆件,3d建模代做3dmax产品工业打印模型制作设计maya犀牛c4d渲染效果图,5.0,5000,,"回头客1万
学诺锦旗舰店",https://item.taobao.com/item.htm?id=725808251981,2026-04-01T15:07:15.713834,,0
86,3d打印摆件,3D建模代做工业产品设计三维打印模型定制犀牛代建渲染效果图制作,5.0,2000,,"回头客20万
简单故事旗舰店",https://item.taobao.com/item.htm?id=712614718659,2026-04-01T15:07:15.725179,,0
87,3d打印摆件,3D建模代做产品设计三维打印模型3dmax定制c4d犀牛渲染效果图制作,50.0,6000,,"回头客20万
简单故事旗舰店",https://item.taobao.com/item.htm?id=796409308527,2026-04-01T15:07:15.734595,,0
89,3d打印摆件,3D建模代做产品设计三维打印模型3dmax定制c4d犀牛渲染效果图制作,200.0,20000,,"回头客10万
斯泰万旗舰店",https://item.taobao.com/item.htm?id=776565544810,2026-04-01T15:07:15.756017,,0
90,3d打印摆件,3D建模代做产品设计三维打印模型3dmax定制c4d犀牛渲染效果图制作,9.95,20000,,"回头客7万
宗翰旗舰店",https://item.taobao.com/item.htm?id=727377861267,2026-04-01T15:07:15.766513,,0
92,3d打印摆件,3D建模代做产品设计三维打印模型3dmax定制c4d犀牛渲染效果图制作,45.0,7000,,"回头客10万
斯泰万旗舰店",https://item.taobao.com/item.htm?id=796190387792,2026-04-01T15:07:15.787143,,0
93,3d打印摆件,3d建模C4D渲染电商详情页主图代设计视频制作产品三维动画效果图,10.0,1000,,"7年老店
驰讯轮设计工作室",https://item.taobao.com/item.htm?id=868858240077,2026-04-01T15:07:15.798561,,0
94,3d打印摆件,犀牛建模3dmax代做三维产品设计外观渲染3D打印c4d室内效果图制作,10.0,1000,,"8年老店
非帆设计",https://item.taobao.com/item.htm?id=564145824877,2026-04-01T15:07:15.809253,,0
95,3d打印摆件,3D建模代做产品设计三维打印模型3dmax定制接单c4d犀牛效果图制作,48.5,10000,,"回头客2万
拓雯旗舰店",https://item.taobao.com/item.htm?id=846261596846,2026-04-01T15:07:15.818325,,0
96,3d打印摆件,3D建模代做产品设计三维打印模型3dmax定制c4d犀牛渲染效果图制作,240.0,600,,"回头客10万
猎锐旗舰店",https://item.taobao.com/item.htm?id=1006961446778,2026-04-01T15:07:15.829155,,0
97,3d打印摆件,3D建模代做产品设计三维打印模型3dmax定制c4d犀牛渲染效果图制作,10.0,50000,,"回头客4万
超能界旗舰店",https://item.taobao.com/item.htm?id=818150321989,2026-04-01T15:07:15.839582,,0
98,3d打印摆件,3D建模打印代做产品设计3dmax定制maya模型c4d犀牛渲染效果图制作,47.0,1000,,希柠设计旗舰店,https://item.taobao.com/item.htm?id=941054325594,2026-04-01T15:07:15.850075,,0
99,3d打印摆件,3D建模代做工业产品外观模型设计maya人物场景犀牛建模渲染效果,100.0,10000,,"回头客20万
peridona服务旗舰店",https://item.taobao.com/item.htm?id=864847766711,2026-04-01T15:07:15.860487,,0
100,3d打印摆件,3d建模代做maya动画blender模型制作3dmax渲染c4d绑定zb人物打印,50.0,7000,,"8年老店
设计联盟总店",https://item.taobao.com/item.htm?id=673468677931,2026-04-01T15:07:15.869229,,0
101,3d打印摆件,3D建模代做产品设计三维打印模型3dmax定制接单c4d犀牛效果图制作,100.0,2000,,"回头客20万
简单故事旗舰店",https://item.taobao.com/item.htm?id=853759263891,2026-04-01T15:07:15.879476,,0
102,3d打印摆件,3D建模代做产品设计三维打印模型3dmax定制c4d犀牛渲染效果图制作,50.0,10000,,"回头客1万
学诺锦旗舰店",https://item.taobao.com/item.htm?id=776524147503,2026-04-01T15:07:15.889263,,0
103,3d打印摆件,3D建模cad代画产品设计三维打印模型3dmax定制接单犀牛效果图制作,90.0,10000,,"回头客10万
斯泰万旗舰店",https://item.taobao.com/item.htm?id=811961852017,2026-04-01T15:07:15.898678,,0
109,3d打印摆件,忍者打印摆件3d打印手办笔架文具收纳笔筒个性创意桌搭装饰,4.5,30,,3D创智享,https://item.taobao.com/item.htm?id=1034869979362,2026-04-01T15:07:25.892612,,0
110,3d打印摆件,金刚鹦鹉 3D打印模型文件STL数据图纸高精度手办素材摆件艺术逼真,2.0,6,,jfiajfiefsinbno,https://item.taobao.com/item.htm?id=821828760810,2026-04-01T15:07:25.905338,,0
111,3d打印摆件,q版十二生肖3d打印模型图纸手办stl数据文件服务摆件十二属相兽首,2.82,60,,"7年老店
白鲨模型[3D打印]",https://item.taobao.com/item.htm?id=631396652643,2026-04-01T15:07:25.915249,,0
112,3d打印摆件,我的世界周边郁金香花盆栽桌面摆件3D打印MC模型摆件,8.01,100,,"回头客1万
有为青年CSGO周边",https://item.taobao.com/item.htm?id=971738766013,2026-04-01T15:07:25.927131,,0
113,3d打印摆件,性感泳装绷带幽灵娘3D打印手办模型电竞桌面桌搭家居车载饰品摆件,19.8,12,,"12年老店
龍3D工作室",https://item.taobao.com/item.htm?id=1011183838476,2026-04-01T15:07:25.937298,,0
114,3d打印摆件,拉布布站立摆件STL文件OBJ雕刻素材三维立体图纸3D打印模型资源,0.96,10,,壹家素材店,https://item.taobao.com/item.htm?id=949766649811,2026-04-01T15:07:25.947655,,0
115,3d打印摆件,3d打印MC熔炉TNT炼药炉我的世界宝箱像素合成台模型游戏周边摆件,9.9,34,,"17年老店
臻美3D打印",https://item.taobao.com/item.htm?id=987072780515,2026-04-01T15:07:25.958450,,0
116,3d打印摆件,我的世界鸡公仔翅膀可动桌面摆件解压神器3D打印玩具益智游戏模型,3.76,10000,,嗨乐购玩具,https://item.taobao.com/item.htm?id=937114328833,2026-04-01T15:07:25.975089,,0
117,3d打印摆件,3D打印爆款拉心动l布礼物送礼手办高颜值摆件玩具生日礼物,15.8,200,,喜闻乐见潮玩铺,https://item.taobao.com/item.htm?id=925267185580,2026-04-01T15:07:25.985270,,0
118,3d打印摆件,骷髅女孩酷少女5个模型STL文件3d打印图纸stl图纸stl手办素材摆件,0.09,2,,模型百科,https://item.taobao.com/item.htm?id=1030864722086,2026-04-01T15:07:25.999114,,0
119,3d打印摆件,F1赛程表立体标志2026赛季方程式赛车周边logo摆件3D打印创意模型,58.0,1,,"7年老店
INJOY 3D造物局",https://item.taobao.com/item.htm?id=1037409020665,2026-04-01T15:07:26.012541,,0
120,3d打印摆件,【3D打印】M49迫击模型静态不可发射收藏摆件静态模型教学展示,31.07,28,,蒸汽云3D打印,https://item.taobao.com/item.htm?id=991566684146,2026-04-01T15:07:26.022457,,0
121,3d打印摆件,定制手办真人照片人偶盲盒摆件3D玩偶软陶IP公仔AI打印礼物送女生,249.0,600,,泡泡定制手办,https://item.taobao.com/item.htm?id=915643702616,2026-04-01T15:07:26.031450,,0
122,3d打印摆件,3d打印幸运dummy13玩偶战机锤甲百变多关节可动人偶手办摆件玩具,9.8,300,,"回头客3万
哆比猫旗舰店",https://item.taobao.com/item.htm?id=940687513679,2026-04-01T15:07:26.040468,,0
123,3d打印摆件,权力的游戏夜王的龙韦赛利昂雕像3D打印工艺品桌面装饰摆件周边,42.5,18,,原点潮玩XYZero手办模型定制周边店,https://item.taobao.com/item.htm?id=1014854933386,2026-04-01T15:07:26.049368,,0
124,3d打印摆件,拆弹部队笔筒3d打印桌面装饰摆件笔架/文具收纳个性创意桌面摆件,3.49,100,,"16年老店
义乌市亮羽玩具",https://item.taobao.com/item.htm?id=1030030231480,2026-04-01T15:07:26.059308,,0
125,3d打印摆件,COS忍者武士手办模型笔架眼镜架黑色金色3D打印收藏摆件静奢风,5.9,82,,儒雅工艺精创坊,https://item.taobao.com/item.htm?id=1031664055408,2026-04-01T15:07:26.067905,,0
126,3d打印摆件,全彩3d打印写实萌宠手办创意定制宠物模型生日礼物送礼,336.0,46,,3D印象馆,https://item.taobao.com/item.htm?id=1009199172707,2026-04-01T15:07:26.076827,,0
127,3d打印摆件,三角洲步战车模型摆件生日礼物男友礼物大红模型轮子可转 3D打印,85.0,200,,锆鹏工坊,https://item.taobao.com/item.htm?id=1013062323783,2026-04-01T15:07:26.085315,,0
128,3d打印摆件,鱼缸装饰摆件3D打印水族装饰鱼虾躲避屋小熊装饰镂空彩蛋莫斯球,9.9,1000,,六六水族周边,https://item.taobao.com/item.htm?id=900708948920,2026-04-01T15:07:26.094901,,0
130,3d打印摆件,小男孩核弹模型1:20-军模收藏品军事摆件道具礼物成品-3D打印独家,51.02,300,,洛克希德军工,https://item.taobao.com/item.htm?id=905794881198,2026-04-01T15:07:26.113123,,0
131,3d打印摆件,拆弹部队笔筒3d打印桌面装饰摆件笔架/文具收纳个性创意桌面摆件,3.53,43,,"16年老店
义乌市亮羽玩具",https://item.taobao.com/item.htm?id=1032452876431,2026-04-01T15:07:26.122243,,0
132,3d打印摆件,新中式桌面屏风3D打印折叠摆件复古玄关装饰品新年礼物微景观,58.12,23,,璞楼Piloud,https://item.taobao.com/item.htm?id=1001143161580,2026-04-01T15:07:26.131688,,0
133,3d打印摆件,3D打印各种微景观鱼缸 废墟风摆件 生态水族箱创意家居（更新中）,35.04,4,,"16年老店
小极3D打印工作室",https://item.taobao.com/item.htm?id=1029935119600,2026-04-01T15:07:26.141286,,0
134,3d打印摆件,少女哥伦比娅周边雕像定制塑料手办摆件3d打印定制/现货,68.5,300,,"6年老店
xunxun",https://item.taobao.com/item.htm?id=976274330242,2026-04-01T15:07:26.150174,,0
135,3d打印摆件,南迦巴瓦3D打印模型雪山模型摆件,36.61,18,,"5年老店
辰沨Morrwind",https://item.taobao.com/item.htm?id=987237743178,2026-04-01T15:07:26.160186,,0
136,3d打印摆件,车一工坊视觉创意文字设计高精度3D打印立体汉字个性化定制小摆件,196.96,100,,"5年老店
車一工坊汉字定制",https://item.taobao.com/item.htm?id=667344176006,2026-04-01T15:07:26.169233,,0
138,3d打印摆件,小猫咪八只整体猫3D打印模型STL数据文件素材高精度图纸,5.0,17,,一号楼素材,https://item.taobao.com/item.htm?id=1023122919761,2026-04-01T15:07:26.212237,,0
146,3d打印摆件,3D打印代工定制FDM模型塑料件按需造物道具造景打印建模按需定制,9.7,37,,"8年老店
X3D智造梦工坊",https://item.taobao.com/item.htm?id=1012501519000,2026-04-01T15:07:26.285489,,0
147,3d打印摆件,拓竹 金箍棒体感声光电道具套件 创客宝库创意3D打印模型组件 ZC007,45.0,2000,,"回头客2万
拓竹官方旗舰店",https://item.taobao.com/item.htm?id=834775930556,2026-04-01T15:07:26.297723,,0
150,3d打印摆件,骷髅骨架人3D打印关节可动六一儿童万圣节玩具礼物冰箱贴送女朋友,11.0,200,,趣玩研究所小店,https://item.taobao.com/item.htm?id=774345026297,2026-04-01T15:07:26.324329,,0
151,3d打印摆件,新款小狗STL圆雕图电脑精雕图模型文件3d三维立体雕刻图DW251,19.9,26,,"7年老店
匠心圆雕",https://item.taobao.com/item.htm?id=1033819788133,2026-04-01T15:07:26.332843,,0
203,3d打印手办,真人照片手办定制3d卡通公仔Q版泥人小人像玩偶泥塑粘土生日盲盒,228.0,2000,,"9年老店
泥人缘",https://item.taobao.com/item.htm?id=903936435484,2026-04-01T15:07:48.238376,,0
204,3d打印手办,生日礼物Q版公仔定制盲盒娃娃3D打印潮玩手办女送闺蜜男生男朋友,99.0,700,,"12年老店
阳光礼物高端定制",https://item.taobao.com/item.htm?id=964295775231,2026-04-01T15:07:48.247156,,0
206,3d打印手办,AI真人个人手办Q版宠物滑雪手办3D打印玩偶定制企业人偶生日礼物,44.9,300,,牙牙3d打印潮玩,https://item.taobao.com/item.htm?id=915356443562,2026-04-01T15:07:48.265668,,0
207,3d打印手办,3D打印Q版萌可爱人偶手办定制真人照片定制全彩送礼物女,190.0,100,,3D印象馆,https://item.taobao.com/item.htm?id=1008189041863,2026-04-01T15:07:48.274525,,0
208,3d打印手办,3d模型打印服务 战棋 手办头雕兵人毕业设计工业高精度红蜡光固化,4.85,500,,"8年老店
梦想云3D",https://item.taobao.com/item.htm?id=756677758522,2026-04-01T15:07:48.283883,,0
211,3d打印手办,来图真人照片定制手办人偶3d打印q版人像盲盒礼物摆件人物女士diy,196.0,76,,造梦空间工作室,https://item.taobao.com/item.htm?id=1000671048617,2026-04-01T15:07:48.311129,,0
212,3d打印手办,3D打印手办照片定制订制Q版小人偶创意盲盒定制生日情侣圣诞礼物,48.02,800,,葡哇3D照相馆,https://item.taobao.com/item.htm?id=965593958166,2026-04-01T15:07:48.319928,,0
215,3d打印手办,定制手办上色建模涂装3d打印树脂Q版人偶游戏二次元模型IP盲盒,8.0,200,,天见动漫手办定制3D打印工厂,https://item.taobao.com/item.htm?id=679013036673,2026-04-01T15:07:48.345805,,0
217,3d打印手办,3d打印模型服务/光固化工业级建模高精度定制金属手办手板三D打样喷漆上色订制硅胶翻模红蜡尼龙光敏透明树脂,10.0,1000,,梦承丰数码旗舰店,https://item.taobao.com/item.htm?id=719981751056,2026-04-01T15:07:48.368003,,0
219,3d打印手办,定制人像照片情侣情人节纪念意义积木生日礼物3d打印人偶盲盒手办,51.73,1000,,云边有个手工坊,https://item.taobao.com/item.htm?id=1006795762281,2026-04-01T15:07:48.386253,,0
220,3d打印手办,照片定制真人手办高还原3D打印私人订制情侣单人宠物专属生日礼物,93.0,29,,四面体美学事务所,https://item.taobao.com/item.htm?id=1023570231811,2026-04-01T15:07:48.395189,,0
222,3d打印手办,来图定制Q版卡通手办盲盒3D打印人偶创意婚礼生日情侣七夕礼物,238.0,85,,"8年老店
森石手办",https://item.taobao.com/item.htm?id=995405900149,2026-04-01T15:07:48.413277,,0
223,3d打印手办,3D全彩打印动漫手办定制 来图制作卡通跑步摆件 治愈系生日礼物,49.5,86,,"6年老店
禮想定制YOUR IDEAL GIFT",https://item.taobao.com/item.htm?id=1010435264344,2026-04-01T15:07:48.422302,,0
224,3d打印手办,3万款3D打印模型图纸stl源文件素材手办动漫三维建模高精度卡通,0.01,100,,天下教育,https://item.taobao.com/item.htm?id=885495694473,2026-04-01T15:07:48.430587,,0
229,3d打印手办,3d打印服务模型定制打样人偶建模手办代打sla高精度尼龙树脂金属,5.0,83,,温州海丽格雅科技,https://item.taobao.com/item.htm?id=1029441044713,2026-04-01T15:07:48.474873,,0
231,3d打印手办,stl宝可梦模型3d打印图纸神奇宝贝宠物小精灵素材文件皮卡丘手办,10.0,18,,"5年老店
岭川三维打印",https://item.taobao.com/item.htm?id=652301785009,2026-04-01T15:07:48.492329,,0
232,3d打印手办,3d打印服务金属建模手办代打透明树脂尼龙硅胶上色光固化模型定制,10.0,8,,"6年老店
速译达旗舰店",https://item.taobao.com/item.htm?id=1038895196497,2026-04-01T15:07:48.501020,,0
233,3d打印手办,3d打印服务模型定制代加工玩具人偶手办金属建模树脂尼龙PLA代打,100.0,300,,忆士旗舰店,https://item.taobao.com/item.htm?id=1028757269862,2026-04-01T15:07:48.509749,,0
234,3d打印手办,3d打印定制建模模型手办上色喷漆服务代加工金属尼龙树脂打样复模,5.0,100,,"5年老店
派路宝旗舰店",https://item.taobao.com/item.htm?id=1016263376291,2026-04-01T15:07:48.518183,,0
237,3d打印手办,生日结婚礼物定制真人盲盒卡通3D手办软陶人偶Q版送男女朋友情侣,228.0,1000,,"9年老店
POPO潮玩手作馆",https://item.taobao.com/item.htm?id=939450122480,2026-04-01T15:07:48.544736,,0
240,3d打印手办,照片定制手办3d卡通人像Q版公仔盲盒黏土人偶泥人泥塑玩偶生日礼,248.0,100,,刻遇照相馆,https://item.taobao.com/item.htm?id=974364044502,2026-04-01T15:07:48.570063,,0
242,3d打印手办,潮流必备个性定制3D全彩打印玩偶,67.32,400,,"6年老店
公仔总动员",https://item.taobao.com/item.htm?id=2,2026-04-01T15:07:48.587563,,0
244,3d打印手办,真人照片手办定制3d卡通公仔Q版泥人小人玩偶泥塑粘土盲盒节日礼,161.0,41,,WO的定制,https://item.taobao.com/item.htm?id=1009446620113,2026-04-01T15:07:48.605778,,0
276,3d打印手办,3d打印代加工服务模型手办定制上色高精度光固化树脂尼龙abs金属,10.0,300,,百变三维科技,https://item.taobao.com/item.htm?id=965467561784,2026-04-01T15:07:58.268228,,0
352,3d打印定制,ABS打印3D打印服务工业件小批量打印FDM高精度打印代工,0.87,72,,青竹3D打印,https://item.taobao.com/item.htm?id=999150947811,2026-04-01T15:08:17.270723,,0
357,3d打印定制,北京3D打印服务模型快速加工定制PEEK 树脂 CNC尼龙 ABS 手板金属,10.0,100,,"10年老店
HiMaker三维品牌店",https://item.taobao.com/item.htm?id=542143047339,2026-04-01T15:08:17.315994,,0
359,3d打印定制,FDM 3D打印服务打样PLA ABS阻燃ASA PC PET PA尼龙碳纤 PETG TPU,5.0,1000,,MTPC,https://item.taobao.com/item.htm?id=712203741089,2026-04-01T15:08:17.334351,,0
360,3d打印定制,3D建模代做产品设计三维打印模型3dmax定制接单c4d犀牛效果图制作,36.51,30000,,"回头客5万
甄跃旗舰店",https://item.taobao.com/item.htm?id=785768074618,2026-04-01T15:08:17.343768,,0
367,3d打印定制,3D打印定制上色代打模型建模彩色手办加工光固化零件打样白膜树脂,6.08,500,,钛衫3D打印工厂店,https://item.taobao.com/item.htm?id=986046799331,2026-04-01T15:08:17.406936,,0
369,3d打印定制,3d打印代打服务fdm树脂pla尼龙abs金属tpu碳纤维petg工业件小批量,1.0,1000,,"6年老店
小林3D打印服务",https://item.taobao.com/item.htm?id=974695357142,2026-04-01T15:08:17.425122,,0
375,3d打印定制,3D打印 FDM打印 PLA PETG ABS TPU 碳纤维 模型打印 西安3D打印,5.0,58,,西安双全3D打印服务,https://item.taobao.com/item.htm?id=991683443729,2026-04-01T15:08:17.479284,,0
378,3d打印定制,3D打印代工服务FDM拓竹高精度代打多色打印模型加工,29.7,300,,萌磁3D,https://item.taobao.com/item.htm?id=917253312353,2026-04-01T15:08:17.505976,,0
379,3d打印定制,3d打印服务沙盘模型定制代打金属三d建模尼龙白色树脂打样白模,10.0,4000,,"12年老店
青小臣旗舰店",https://item.taobao.com/item.htm?id=780106475078,2026-04-01T15:08:17.514608,,0
381,3d打印定制,3D建模代做工业产品设计三维打印模型定制犀牛代建渲染效果图制作,10.0,700,,"回头客20万
简单故事旗舰店",https://item.taobao.com/item.htm?id=744972554476,2026-04-01T15:08:17.532374,,0
386,3d打印定制,3d打印服务模型建模定制加工业级手板打样高精度尼龙光敏树脂sla,160.0,1000,,"回头客8万
汗帝旗舰店",https://item.taobao.com/item.htm?id=1006827497327,2026-04-01T15:08:17.575262,,0
387,3d打印定制,3D建模代做产品设计三维打印模型3dmax定制接单c4d犀牛效果图制作,50.0,100,,牛胜星旗舰店,https://item.taobao.com/item.htm?id=1027939329091,2026-04-01T15:08:17.583775,,0
388,3d打印定制,3D建模代做工业产品设计三维打印模型定制犀牛代建渲染效果图制作,10.0,500,,"回头客20万
简单故事旗舰店",https://item.taobao.com/item.htm?id=741955630719,2026-04-01T15:08:17.592365,,0
390,3d打印定制,3D建模代做产品设计三维打印模型3dmax定制c4d犀牛渲染效果图制作,50.0,100,,牛胜星旗舰店,https://item.taobao.com/item.htm?id=1026793086537,2026-04-01T15:08:17.609314,,0
391,3d打印定制,3d打印服务代加工光固化模型定制人偶上色ABS金属PLA建模尼龙树脂,10.0,10000,,"回头客20万
peridona服务旗舰店",https://item.taobao.com/item.htm?id=737753798139,2026-04-01T15:08:17.617672,,0
392,3d打印定制,3D建模代做产品设计三维打印模型3dmax定制c4d犀牛渲染效果图制作,160.0,300,,"回头客5万
zerone服务旗舰店",https://item.taobao.com/item.htm?id=1030060934551,2026-04-01T15:08:17.625955,,0
393,3d打印定制,3D建模代做产品设计三维打印模型c4d犀牛3dmax定制渲染效果图制作,4.0,900,,"5年老店
派路宝旗舰店",https://item.taobao.com/item.htm?id=637573806067,2026-04-01T15:08:17.634310,,0
440,3d打印定制,3d打印服务模型定制工业级高精度手板制作建模加工树脂金属尼龙,10.0,400,,优途星旗舰店,https://item.taobao.com/item.htm?id=1011798807215,2026-04-01T15:08:27.018995,,0
499,3d打印礼物,个性定制卡通冰箱贴照片3d打印情侣浮雕画生日结婚纱伴礼物冰箱贴,129.0,500,,LKXONG莱卡熊旗舰店,https://item.taobao.com/item.htm?id=1003358410935,2026-04-01T15:08:45.584407,,0
500,3d打印礼物,来图定制宠物雕像仿真手办猫狗3D打印玩偶礼物纪念品模型摆件周边,83.86,18,,问客3d造物社,https://item.taobao.com/item.htm?id=1025629587730,2026-04-01T15:08:45.594329,,0
504,3d打印礼物,真人照片定制3D打印滑雪人偶盲盒手办送女朋友生日礼物DIY定制,238.0,70,,3D造物局,https://item.taobao.com/item.htm?id=1016114917083,2026-04-01T15:08:45.630171,,0
508,3d打印礼物,Q版手办3D彩色打印玩偶模型实物定制AI图片小红书爆款盲盒送礼物,49.8,100,,洋羊礼品手办,https://item.taobao.com/item.htm?id=950880179022,2026-04-01T15:08:45.672139,,0
509,3d打印礼物,【生日礼物】3D打印浮雕冰箱贴结婚礼物定制新婚礼物纪念日礼物,193.0,1000,,囍图潮玩,https://item.taobao.com/item.htm?id=950203145392,2026-04-01T15:08:45.681553,,0
512,3d打印礼物,来图定制3D打印银饰定制建模设计diy纯银999手办礼物私人订制纯银,98.01,96,,南方银匠 银饰定制,https://item.taobao.com/item.htm?id=914947391702,2026-04-01T15:08:45.709588,,0
514,3d打印礼物,3D打印毛线轴单轴磁吸便携带收纳盒加厚款织女创意礼物高效钩织,35.0,5,,星河织梦,https://item.taobao.com/item.htm?id=1023458025560,2026-04-01T15:08:45.728815,,0
521,3d打印礼物,3d打印服务模型定制工业级高精度手板制作建模加工树脂金属尼龙,10.0,10000,,"6年老店
未来工场旗舰店",https://item.taobao.com/item.htm?id=611650162725,2026-04-01T15:08:45.794464,,0
529,3d打印礼物,ip形象设计手绘3d卡通人物吉祥物建模代做游戏动漫角色代做3d建模,100.0,400,,沐尼卡模型设计,https://item.taobao.com/item.htm?id=740448427294,2026-04-01T15:08:45.867604,,0
538,3d打印礼物,工业产品外观设计3d犀牛建模家具电子产品结构设计效果图渲染代做,10.0,2000,,"11年老店
imaggick旗舰店",https://item.taobao.com/item.htm?id=608114648605,2026-04-01T15:08:45.982557,,0
539,3d打印礼物,3d建模代做工业产品外观模型设计maya人物场景犀牛建模渲染效果图,30.0,2000,,"5年老店
唐柚设计旗舰店",https://item.taobao.com/item.htm?id=819987840164,2026-04-01T15:08:46.000713,,0
639,3d打印挂件,立体字母挂件包挂英文个性化钥匙扣挂饰 怦怦字母原创3d打印定制,13.81,7,,UnplannedLAB,https://item.taobao.com/item.htm?id=1030736108164,2026-04-01T15:09:16.542126,,0
640,3d打印挂件,拓TZ竹3D打印挂件装饰模型挂绳组件挂件挂链公仔钥匙扣卡牌配件,15.2,38,,"12年老店
华正电子",https://item.taobao.com/item.htm?id=908692435273,2026-04-01T15:09:16.553789,,0
641,3d打印挂件,茸仔AI叠叠乐手办宠物挂件DIY3D浮雕照片定制猫猫狗狗钥匙扣挂饰,59.0,25,,茸仔旗舰店,https://item.taobao.com/item.htm?id=1035185854592,2026-04-01T15:09:16.563427,,0
642,3d打印挂件,LAPLO原创 平安果小2寸相框3D打印包包挂件DIY钥匙扣物料小挂饰,54.5,14,,"9年老店
花枕头Laplo",https://item.taobao.com/item.htm?id=1010466640315,2026-04-01T15:09:16.573315,,0
643,3d打印挂件,3D打印羽毛球钥匙扣暗夜蓝特别版3d打印精致羽毛球挂件定制打印,4.41,28,,单调印社,https://item.taobao.com/item.htm?id=1030203972581,2026-04-01T15:09:16.581820,,0
644,3d打印挂件,茸仔宠物挂饰钥匙扣猫咪狗狗3D浮雕挂件创意个性化照片定制AI建模,139.0,4,,茸仔旗舰店,https://item.taobao.com/item.htm?id=1036512785492,2026-04-01T15:09:16.591710,,0
645,3d打印挂件,适配1/64风火轮系列小车展示挂件包平替名创优品同款痛包 3d打印,13.0,100,,"5年老店
我爱吃小布丁",https://item.taobao.com/item.htm?id=998190626493,2026-04-01T15:09:16.625833,,0
646,3d打印挂件,3D打印原创手机挂绳背包健身包书包挂件车钥匙扣壶铃哑铃情侣登山,15.0,900,,"5年老店
FKTH 原创设计",https://item.taobao.com/item.htm?id=916150947530,2026-04-01T15:09:16.634578,,0
647,3d打印挂件,【攀岩周边】岩点攀岩球挂件3D打印钥匙扣攀岩装备挂坠吊饰包包挂绳挂件背包挂饰抱石运动创意礼物可DIY定制,18.95,100,,行沛运泽丰专卖店,https://item.taobao.com/item.htm?id=1003194983685,2026-04-01T15:09:16.643961,,0
648,3d打印挂件,MUALPHA 3D打印拓tz竹开口环钥匙扣创客宝库配件-MA001挂件,3.2,69,,"11年老店
MUALPHA",https://item.taobao.com/item.htm?id=898153041361,2026-04-01T15:09:16.652961,,0
649,3d打印挂件,升级版TOMY多美卡仿真小车合金车模3D打印收纳展示包挂件,32.9,33,,切片屋Slice LAB,https://item.taobao.com/item.htm?id=997220174868,2026-04-01T15:09:16.661645,,0
650,3d打印挂件,KiKiRin-【恶魔&天使精灵】系列原创3d打印包挂证件照卡套挂件,79.0,4,,KiKiRin,https://item.taobao.com/item.htm?id=1023750799969,2026-04-01T15:09:16.671177,,0
651,3d打印挂件,空洞骑士丝之歌钟道兽磁吸冰箱贴哈吉钟挂件3d打印游戏周边钥匙扣,8.82,400,,荔枝人,https://item.taobao.com/item.htm?id=984414601689,2026-04-01T15:09:16.680051,,0
652,3d打印挂件,3D打印绳结卡片挂件字母网红装饰悬挂书包结绳技巧户外打绳结教程,12.66,19,,禾豆3D工坊,https://item.taobao.com/item.htm?id=1018930972618,2026-04-01T15:09:16.689625,,0
653,3d打印挂件,【STRONGER】运动健身挂件3D打印杠铃片迷你哑铃壶铃背包挂绳健身包书包挂饰车钥匙扣健身周边男生女生礼物,29.58,66,,行沛运泽丰专卖店,https://item.taobao.com/item.htm?id=1018923875756,2026-04-01T15:09:16.698958,,0
654,3d打印挂件,小柴人3D打印配件创客宝库创意开口钥匙扣环圈DIY模型组件挂件,3.4,22,,"10年老店
深圳柴火空间科技有限公司",https://item.taobao.com/item.htm?id=897695050923,2026-04-01T15:09:16.708652,,0
655,3d打印挂件,立体数字挂件姓名牌 怦怦数字个性化LOGO钥匙扣挂件 3d打印定制,20.21,1,,UnplannedLAB,https://item.taobao.com/item.htm?id=1031830570602,2026-04-01T15:09:16.717546,,0
656,3d打印挂件,3D打印配件创客宝库创意模型玩偶卡牌挂件装饰挂绳DIY模型组件,14.8,13,,"10年老店
深圳柴火空间科技有限公司",https://item.taobao.com/item.htm?id=908693591315,2026-04-01T15:09:16.726331,,0
657,3d打印挂件,漂浮派对「秘钥天使」挂饰挂件包挂3D打印复古千禧中古吊坠挂坠,49.0,33,,"5年老店
漂浮派对 Floater Party",https://item.taobao.com/item.htm?id=986673456558,2026-04-01T15:09:16.734551,,0
658,3d打印挂件,3d打印玩具世界杯按键解压钥匙扣球类玩具创意点击器挂饰小摆件,12.0,1,,"13年老店
吉物特创意礼品店",https://item.taobao.com/item.htm?id=1028251502783,2026-04-01T15:09:16.744356,,0
659,3d打印挂件,茸仔ai手办｜宠物专属定制3D叠叠乐挂件狗狗猫猫生日送礼纪念,59.0,100,,茸仔AI手办,https://item.taobao.com/item.htm?id=1011655909183,2026-04-01T15:09:16.753040,,0
660,3d打印挂件,【美食主义】| 3D打印定制狗牌宠物名牌NFC防丢挂牌|Magic tail,38.22,7,,Magic tail魔尾,https://item.taobao.com/item.htm?id=995359327714,2026-04-01T15:09:16.761507,,0
661,3d打印挂件,3D打印手机链包包挂件钥匙扣系列手办摆件潮玩玩具儿童礼物,23.8,18,,米菓潮玩3D打印店,https://item.taobao.com/item.htm?id=940258504185,2026-04-01T15:09:16.770398,,0
662,3d打印挂件,3D打印原创天使牙齿梦核轻亚挂件项链包挂,89.0,19,,"6年老店
缺觉少女挖掘机的小店",https://item.taobao.com/item.htm?id=1005321536733,2026-04-01T15:09:16.778759,,0
663,3d打印挂件,3d打印骷髅骨架人关节钥匙扣包包挂饰万圣节玩具跨境爆款趣味新奇,7.11,200,,"14年老店
瞧一瞧3D打印社",https://item.taobao.com/item.htm?id=846236819637,2026-04-01T15:09:16.787170,,0
664,3d打印挂件,3D打印Q版玻璃胶囊手办挂件照片定制独特设计精致艺术玻璃罩挂件,10.0,14,,布丁手创阿秀,https://item.taobao.com/item.htm?id=955586446875,2026-04-01T15:09:16.795450,,0
665,3d打印挂件,3D打印可爱捏捏乐迷你键盘客制化试轴器解压神器钥匙扣挂件可定制,7.7,300,,玖诺3D,https://item.taobao.com/item.htm?id=967846469561,2026-04-01T15:09:16.804755,,0
667,3d打印挂件,三角洲威虫周边3d打印桌面摆件抽象钥匙扣高颜值挂饰送男朋友礼物,4.8,12,,三迪吉旗舰店,https://item.taobao.com/item.htm?id=1037555544924,2026-04-01T15:09:16.822185,,0
669,3d打印挂件,3D打印爬宠睫角守宫挂件铰链关节可活动钥匙圈钥匙扣摆件模型仿真,25.8,0,,"19年老店
猴哥爬爬",https://item.taobao.com/item.htm?id=1035649615029,2026-04-01T15:09:16.839266,,0
670,3d打印挂件,3d打印玩具世界杯按键解压钥匙扣球类玩具创意点击器挂饰小摆件,11.9,2,,亲爱阳光的小店,https://item.taobao.com/item.htm?id=1030242740986,2026-04-01T15:09:16.847509,,0
671,3d打印挂件,宾邦 PEAK周边 宾邦挂件 PEAK徽章 3D打印定制,20.0,100,,珊迪打印小玩具,https://item.taobao.com/item.htm?id=971531032292,2026-04-01T15:09:16.856620,,0
672,3d打印挂件,BODYPUMP杠铃片BODYSTEP踏板模型充电板钥匙扣 摆台 挂件 3D打印,18.0,100,,"6年老店
BODYFAT",https://item.taobao.com/item.htm?id=818055056421,2026-04-01T15:09:16.864925,,0
673,3d打印挂件,【阿耶精华】warframe星际战甲妈耶头像挂件钥匙扣3D打印游戏周边,9.58,18,,黑猫天才杂货铺,https://item.taobao.com/item.htm?id=1007833474573,2026-04-01T15:09:16.873461,,0
674,3d打印挂件,3D打印钥匙扣AWM迷你可发小球拉栓手感解压挂挂饰多色可换弹夹,34.1,5,,梅子33219,https://item.taobao.com/item.htm?id=1007450433359,2026-04-01T15:09:16.883289,,0
676,3d打印挂件,小印匠3D打印三文鱼寿司解压按键玩具可爱治愈情侣钥匙挂饰礼物,19.31,100,,TINYJOY小印匠,https://item.taobao.com/item.htm?id=929222043671,2026-04-01T15:09:16.901295,,0
677,3d打印挂件,小印匠3D打印汉堡包牛肉解压按键玩具可爱治愈情侣钥匙扣挂饰礼物,19.31,100,,TINYJOY小印匠,https://item.taobao.com/item.htm?id=937492964415,2026-04-01T15:09:16.910018,,0
678,3d打印挂件,迷你睫角守宫冠毛壁虎关节可动玩具模型钥匙扣3D打印[PZX工作室],24.75,300,,"9年老店
PixelAura 像素微光",https://item.taobao.com/item.htm?id=916207201804,2026-04-01T15:09:16.918767,,0
679,3d打印挂件,小印匠3D打印黄油牛油解压按键玩具可爱治愈情侣钥匙扣包挂饰礼物,19.31,100,,TINYJOY小印匠,https://item.taobao.com/item.htm?id=959910724726,2026-04-01T15:09:16.927134,,0
681,3d打印挂件,2貔貅招财手把件挂件立体圆雕图STL文件3D打印模型图纸20款合集,0.5,23,,实付低价自动发货,https://item.taobao.com/item.htm?id=852503642122,2026-04-01T15:09:16.943882,,0
682,3d打印挂件,【蓝色Q彩狗牌】3D打印定制狗牌宠物夜光名牌NFC防丢|Magic tail,38.22,56,,Magic tail魔尾,https://item.taobao.com/item.htm?id=995807653860,2026-04-01T15:09:16.952266,,0
685,3d打印挂件,照片定制专属形象设计Q版游泳钥匙扣车载包挂件3D冰箱贴生日礼物,10.0,5,,言之造物,https://item.taobao.com/item.htm?id=1015497175567,2026-04-01T15:09:16.978020,,0
779,3d打印挂件,3DSWAY 3D打印开口钥匙扣环圈模型组件创客宝库DIY装饰挂件配件,3.6,26,,"10年老店
三迪思维科技",https://item.taobao.com/item.htm?id=898544444826,2026-04-01T15:09:39.613932,,0
786,树脂打印摆件,手办定制3d打印个人仿真照片定制摆件人物模型树脂手办3d立体礼物,18.0,25,,"7年老店
冇物",https://item.taobao.com/item.htm?id=988377134671,2026-04-01T15:09:49.383880,,0
789,树脂打印摆件,廉洁廉腐克己不忘初心清廉百变汉字文化创意警示树脂3D打印小摆件,115.43,16,,"5年老店
車一工坊汉字定制",https://item.taobao.com/item.htm?id=707646143267,2026-04-01T15:09:49.411384,,0
790,树脂打印摆件,EVA使徒水天使摆件STL高精度3D打印模型图纸GK树脂手办白模定制,3.5,4,,甲虫3D工坊,https://item.taobao.com/item.htm?id=862408614659,2026-04-01T15:09:49.420318,,0
792,树脂打印摆件,现货3D彩色打印模型1/64玩耍的边牧微缩场景办公桌面摆件家居装饰,9.81,25,,萌造微世界,https://item.taobao.com/item.htm?id=983271022734,2026-04-01T15:09:49.438269,,0
793,树脂打印摆件,唐马三维立体圆雕图stl文件3d打印模型家居摆件树脂铜雕木雕,8.0,6,,弘盛3d建模,https://item.taobao.com/item.htm?id=1012745216558,2026-04-01T15:09:49.447167,,0
795,树脂打印摆件,阿弥陀佛三维立体圆雕图stl文件3d打印模型家居摆件树脂铜雕木雕,20.0,5,,弘盛3d建模,https://item.taobao.com/item.htm?id=996986466681,2026-04-01T15:09:49.465079,,0
796,树脂打印摆件,龙九子 狻猊 狴犴 赑屃 3D打印白模gk树脂摆件光固化,20.0,5,,掌心模玩,https://item.taobao.com/item.htm?id=1032276542934,2026-04-01T15:09:49.474381,,0
797,树脂打印摆件,VM 1/64 美女杀手 微缩场景模型搭配3D彩色打印人偶模型摆件,44.62,13,,VM模型工作室,https://item.taobao.com/item.htm?id=1009976109740,2026-04-01T15:09:49.483281,,0
798,树脂打印摆件,1:64人偶 微缩人偶 3D打印树脂白模摆件 微距拍摄小比例场景摆件,19.8,3,,"7年老店
咖拾K10STUDIO",https://item.taobao.com/item.htm?id=847837449773,2026-04-01T15:09:49.492668,,0
799,树脂打印摆件,婚纱照定制3D打印冰箱贴相框摆件摆台Q版照片定制相框冰箱贴摆件,32.65,51,,全彩3D打印照相馆企业店,https://item.taobao.com/item.htm?id=1004706136907,2026-04-01T15:09:49.501543,,0
800,树脂打印摆件,钰书房新款3D打印手工涂装金顶天宫龙门古建宫殿装饰树脂造景摆件,19.32,18,,"7年老店
钰书房",https://item.taobao.com/item.htm?id=953287109642,2026-04-01T15:09:49.510316,,0
801,树脂打印摆件,3d打印树脂小骷髅头鱼缸造景骷髅头花盆摆件装饰饰品阳台桌面摆件,6.99,100,,"15年老店
爱上模玩",https://item.taobao.com/item.htm?id=777239648608,2026-04-01T15:09:49.520220,,0
802,树脂打印摆件,蕾丝性感桌面摆件趣味桌面摆件创意3D打印卧室床头柜送同学礼物,13.05,24,,"13年老店
嘻嘻咕噜小店",https://item.taobao.com/item.htm?id=1026875517460,2026-04-01T15:09:49.529184,,0
804,树脂打印摆件,Twiddle旋转视觉创意英文字3d打印立体定制摆件结婚礼情侣礼物,60.0,100,,"14年老店
3D打印加工快速成型",https://item.taobao.com/item.htm?id=888675087923,2026-04-01T15:09:49.547725,,0
805,树脂打印摆件,1:64动物狗狗 3D打印树脂白模摆件 微距拍摄小比例场景摆件,12.8,6,,"7年老店
咖拾K10STUDIO",https://item.taobao.com/item.htm?id=848103325489,2026-04-01T15:09:49.557374,,0
806,树脂打印摆件,定制1:12头雕1:6全彩3D打印真人偶手办摆件照片建模兵人素体写实,100.0,74,,"9年老店
小猪贸易",https://item.taobao.com/item.htm?id=892317500460,2026-04-01T15:09:49.565956,,0
807,树脂打印摆件,欧式复古相框摆台6 7寸七10寸定制桌面A4美法式小摆件加打印照片,18.0,100,,"回头客5万
印象空间家居旗舰店",https://item.taobao.com/item.htm?id=984992295078,2026-04-01T15:09:49.575072,,0
808,树脂打印摆件,五星物语雷德幻象水龙青骑士3D打印树脂迷你桌面模型摆件,25.22,27,,"6年老店
小鹿模玩",https://item.taobao.com/item.htm?id=703012635458,2026-04-01T15:09:49.583762,,0
809,树脂打印摆件,3D打印真人手办照片定制婚礼人偶公仔结婚礼物送新人情侣树脂摆件,200.0,21,,"9年老店
小猪贸易",https://item.taobao.com/item.htm?id=870227452729,2026-04-01T15:09:49.593109,,0
810,树脂打印摆件,微缩3D彩色打印现货1/18/24/43/64街景人偶桌搭车模沙盘场景摆件,9.81,2,,萌造微世界,https://item.taobao.com/item.htm?id=994096085473,2026-04-01T15:09:49.601971,,0
811,树脂打印摆件,白模gk悟空西游记大圣可涂装鱼缸造景实体模型人偶摆件打印手办,44.52,300,,小甜儿模玩,https://item.taobao.com/item.htm?id=846917792992,2026-04-01T15:09:49.610328,,0
812,树脂打印摆件,【究极35cm】咕咕嘎嘎-终末地管理员企鹅摆件-代打印,65.0,13,,月亮下的模型店,https://item.taobao.com/item.htm?id=1034964470774,2026-04-01T15:09:49.619579,,0
813,树脂打印摆件,悟空葫芦舌尝思西游记独家精修GK白模涂装3d打印实体模型手办摆件,3.4,27,,小甜儿模玩,https://item.taobao.com/item.htm?id=955307642996,2026-04-01T15:09:49.628129,,0
814,树脂打印摆件,Muffinstudio大白兔打印姬铂金硅胶动画漫手办雕像模型摆件玩具,87.3,69,,模玩之家i,https://item.taobao.com/item.htm?id=1021765335766,2026-04-01T15:09:49.649964,,0
815,树脂打印摆件,Stl美女模特圆雕图3D打印模型STL文件素材人物摆件手办树脂手办图,0.5,5,,精雕图设计,https://item.taobao.com/item.htm?id=828098274528,2026-04-01T15:09:49.659240,,0
816,树脂打印摆件,丁丁历险记GK树脂手办模型火箭展示收藏品3d打印夜灯摆件led礼物,108.68,87,,"5年老店
gogo shopping",https://item.taobao.com/item.htm?id=770962553557,2026-04-01T15:09:49.679912,,0
817,树脂打印摆件,盲盒公仔批量定制树脂PVC定制手办摆件3d打印立体玩偶来图定制,50.0,12,,3D打印工厂魔玩魔王店,https://item.taobao.com/item.htm?id=969648565288,2026-04-01T15:09:49.700244,,0
818,树脂打印摆件,「空城里」蘑菇摆件苔藓桌面微景观森林造景diy3d打印树脂摆件,3.88,1000,,空城里指尖微景企业店,https://item.taobao.com/item.htm?id=841582990357,2026-04-01T15:09:49.715264,,0
819,树脂打印摆件,3D打印数码宝贝5cm白模型未上色树脂GK手办摆件 Wayne设计工作室,69.3,2,,"9年老店
Wayne设计工作室",https://item.taobao.com/item.htm?id=872537181852,2026-04-01T15:09:49.724382,,0
820,树脂打印摆件,吸水石假山盆景3D打印精品上水石古建筑凉亭复古亭子树脂小摆件,13.77,9,,"7年老店
山在山间",https://item.taobao.com/item.htm?id=602039396350,2026-04-01T15:09:49.733019,,0
821,树脂打印摆件,3D打印真人像手办人偶来图照片定制圣诞生日礼物全彩模型手办摆件,49.5,63,,SeaMe定制,https://item.taobao.com/item.htm?id=990733518545,2026-04-01T15:09:49.741910,,0
822,树脂打印摆件,3D打印定制半透明SLA树脂手板 全透明丝印上色雕塑展示品摆件模型,7.0,52,,灵犀三维科技,https://item.taobao.com/item.htm?id=973713649957,2026-04-01T15:09:49.750421,,0
824,树脂打印摆件,新品3D打印创意骑士笔架办公桌面盔甲造型英雄笔座北欧工艺品摆件,20.05,28,,晨童造物局,https://item.taobao.com/item.htm?id=1018717206466,2026-04-01T15:09:49.768464,,0
825,树脂打印摆件,灭霸漫威模型耳机支架打印树脂动漫周边手办家居摆件送礼玩具礼物,67.01,3,,"7年老店
莫扎特的普通生活",https://item.taobao.com/item.htm?id=997815000809,2026-04-01T15:09:49.777692,,0
826,树脂打印摆件,五星物语重装大统领马古罗3D打印树脂迷你桌面模型摆件,25.22,7,,"6年老店
小鹿模玩",https://item.taobao.com/item.htm?id=737951512675,2026-04-01T15:09:49.786172,,0
827,树脂打印摆件,1:64时尚背包男孩 微缩人偶模型场景摄影道具沙盘摆件树脂3D打印,29.9,8,,收藏家玩具旗舰店,https://item.taobao.com/item.htm?id=716715185047,2026-04-01T15:09:49.794719,,0
828,树脂打印摆件,真人照片定制树脂手办3D打印Q版人偶公仔diy生日结婚礼物大型雕塑,128.0,100,,量念艺术旗舰店,https://item.taobao.com/item.htm?id=938144250026,2026-04-01T15:09:49.803732,,0
829,树脂打印摆件,学生毕业作品3d打印服务定制模型树脂尼龙透明人偶手办摆件上色,10.0,2,,"12年老店
东莞联影3D打印店",https://item.taobao.com/item.htm?id=1032926265642,2026-04-01T15:09:49.812161,,0
830,树脂打印摆件,真人照片张杰摆件树脂手办盲盒3D打印人偶公仔定制Q版生日礼物,59.0,10,,添生造物,https://item.taobao.com/item.htm?id=999779302061,2026-04-01T15:09:49.821220,,0
831,树脂打印摆件,古希腊雕塑拉奥孔高精度3D打印图纸obj/stl 光敏树脂打印雕塑摆件,35.0,1,,"5年老店
堇一艺术工作坊",https://item.taobao.com/item.htm?id=675945328348,2026-04-01T15:09:49.829403,,0
881,树脂打印摆件,冈布茨体模型树脂实心实物摆件不倒翁玩具 Gomboc三维凸均匀体,38.0,300,,"14年老店
3D打印加工快速成型",https://item.taobao.com/item.htm?id=676246415778,2026-04-01T15:10:00.086085,,0
